{
    "modules": [
        {
            "config": {
                "position": [
                    65,
                    81
                ]
            },
            "name": "New Model Object",
            "value": {
                "actionGroup": {
                    "_default0_index": false,
                    "_default1_list": true,
                    "_default2_show": true,
                    "_default3_new_create": true,
                    "_default4_edit_update": true,
                    "_default5_delete": true,
                    "customActions": []
                },
                "name": "Hour",
                "objectsettings": {
                    "addDeletedField": true,
                    "addHiddenField": true,
                    "addStarttimeEndtimeFields": true,
                    "aggregateRoot": true,
                    "categorizable": false,
                    "description": "Hour",
                    "mapToTable": "",
                    "parentClass": "",
                    "sorting": false,
                    "type": "Entity",
                    "uid": "1497960734437"
                },
                "propertyGroup": {
                    "properties": [
                        {
                            "allowedFileTypes": "",
                            "maxItems": "1",
                            "propertyDescription": "Title",
                            "propertyIsExcludeField": true,
                            "propertyIsL10nModeExclude": false,
                            "propertyIsNullable": false,
                            "propertyIsRequired": true,
                            "propertyName": "title",
                            "propertyType": "String",
                            "uid": "1172880500622"
                        },
                        {
                            "allowedFileTypes": "",
                            "maxItems": "1",
                            "propertyDescription": "Start",
                            "propertyIsExcludeField": true,
                            "propertyIsL10nModeExclude": false,
                            "propertyIsNullable": false,
                            "propertyIsRequired": true,
                            "propertyName": "start",
                            "propertyType": "NativeDateTime",
                            "uid": "705344802225"
                        }
                    ]
                },
                "relationGroup": {
                    "relations": []
                }
            }
        }
    ],
    "properties": {
        "backendModules": [],
        "description": "Hour test",
        "emConf": {
            "category": "plugin",
            "custom_category": "",
            "dependsOn": "typo3 => 11.5.0-11.5.99\n",
            "disableLocalization": false,
            "disableVersioning": false,
            "generateDocumentationTemplate": false,
            "generateEditorConfig": false,
            "generateEmptyGitRepository": false,
            "sourceLanguage": "en",
            "state": "test",
            "targetVersion": "10.4.0-10.4.99",
            "version": "1.0.0"
        },
        "extensionKey": "hour",
        "name": "Hour",
        "originalExtensionKey": "hour",
        "originalVendorName": "WEBprofil",
        "persons": [],
        "plugins": [
            {
                "actions": {
                    "controllerActionCombinations": "Hour => list, show, new, create, edit, update, delete",
                    "noncacheableActions": "Hour => list, show, new, create, edit, update, delete"
                },
                "description": "Hour test",
                "key": "hour",
                "name": "Hour"
            }
        ],
        "vendorName": "WEBprofil"
    },
    "wires": [],
    "storagePath": "\/var\/www\/html\/packages\/",
    "log": {
        "last_modified": "2022-07-13 04:12",
        "extension_builder_version": "10.0.3",
        "be_user": " (1)"
    }
}